{
  "threshold": 0.08078314691930538,
  "architecture": "Input(33)\u219264\u219232\u219216\u219232\u219264\u2192Output(33)",
  "epochs_trained": 100,
  "val_loss_final": 0.04753628373146057,
  "accuracy": 0.9916117132822961,
  "fp_rate": 14.065510597301149,
  "auc_roc": 0.9611788691961252,
  "vs_isolation_forest": "16.72% \u2192 99.35% (+82.63%)"
}